"0","ferfi","Thomas Lazaro","65","I hate drinking!","False"
"1","ferfi","Shaun Mask","66","I prefer commiting war crimes...","False"
"2","no","Sue Downin","80","I despise hiking...","False"
"3","ferfi","Russell Bishop","26","I admire drinking...","False"
"4","no","Catherine Hutchins","50","I prefer dogs!!!","False"
"5","no","Nancy Vogel","73","I adore playing board games...","False"
"6","no","Sandra Shearer","49","I love dogs.","False"
"7","no","Sabrina Koon","71","I prefer commiting war crimes...","False"
"8","no","Lucille Vasquez","77","I prefer drinking.","False"
"9","ferfi","Ryan Self","23","I adore cats!!!","False"
"10","no","Eula Vanaria","78","I hate traveling!!!","False"
"11","ferfi","Oliver Ewing","84","I love hiking.","False"
"12","ferfi","Javier Doss","83","I love cats!","False"
"13","ferfi","Laurence Morin","99","I love playing board games!","False"
"14","no","Marilyn Sumpter","34","I can't stand commiting war crimes!","False"
"15","ferfi","Carl Misnick","84","I admire playing board games!","True"
"16","no","Colleen Duponte","61","I adore hiking.","False"
"17","no","Elena Berry","75","I adore cats...","False"
"18","no","Phyllis Watson","32","I despise hiking.","True"
"19","no","Gloria Mackinnon","90","I despise traveling!","False"
"20","no","Ebony Spears","34","I love traveling!!!","True"
"21","ferfi","Courtney Hughes","24","I can't stand commiting war crimes!!!","False"
"22","ferfi","James Metzger","24","I love dogs...","False"
"23","no","Anna Byrd","66","I can't stand playing board games...","True"
"24","no","Kathryn Benson","42","I can't stand commiting war crimes!!!","False"
"25","ferfi","Donald Nunez","62","I despise drinking.","False"
"26","ferfi","Alexander Raycraft","29","I adore cats!","False"
"27","no","Rosemarie Parker","78","I prefer cats...","False"
"28","no","Kelly Elmore","97","I despise traveling.","False"
"29","ferfi","Tim Haynes","77","I can't stand commiting war crimes!!!","True"
"30","no","Saundra Clement","86","I prefer playing board games.","False"
"31","ferfi","Richard Hyde","81","I hate cats.","False"
"32","ferfi","Gary Mccrary","65","I can't stand cats.","True"
"33","no","Syble Martinez","96","I adore traveling...","True"
"34","ferfi","Mack Hendrikson","45","I prefer cats!","False"
"35","ferfi","Thomas Andrada","44","I prefer hiking...","False"
"36","no","Kimberly Pool","80","I prefer traveling!!!","True"
"37","ferfi","Glenn Larue","94","I admire commiting war crimes!!!","True"
"38","no","Karyl Correa","26","I despise drinking!!!","False"
"39","ferfi","William Salazar","61","I adore hiking.","False"
"40","ferfi","Danny Duke","43","I adore dogs!","True"
"41","no","Michelle Thoren","73","I love hiking...","False"
"42","no","Sheila Turrie","74","I hate drinking!","False"
"43","ferfi","Russell Goodwin","55","I adore hiking.","True"
"44","no","Gladis Reese","64","I can't stand playing board games.","False"
"45","no","Barbara Brickhouse","62","I adore dogs!","False"
"46","no","Jessica Lee","23","I love playing board games...","False"
"47","ferfi","Perry Brown","29","I despise dogs...","False"
"48","ferfi","Oliver Wynn","60","I despise playing board games.","False"
"49","ferfi","Ryan Norman","72","I admire dogs.","False"
"50","no","Margaret Hinshaw","65","I prefer drinking...","False"
"51","no","Gina Miller","18","I admire playing board games!","False"
"52","ferfi","Randall Mansi","28","I despise cats...","False"
"53","ferfi","Donald Boeke","86","I hate hiking.","False"
"54","ferfi","John Oliver","61","I admire cats!!!","True"
"55","ferfi","Shawn Mitchell","39","I love traveling...","False"
"56","ferfi","John Zayicek","96","I admire playing board games...","True"
"57","no","Mary Thornhill","71","I love playing board games.","False"
"58","no","Minnie Miller","86","I despise traveling.","False"
"59","ferfi","Michael Hemp","42","I hate commiting war crimes...","False"
"60","ferfi","Jasper Evans","85","I adore hiking...","True"
"61","no","Patty Buffington","88","I adore hiking...","False"
"62","ferfi","Arthur Whitaker","45","I hate traveling...","False"
"63","ferfi","Felix Lester","34","I admire playing board games!!!","True"
"64","no","Luanna Carter","69","I love dogs!","False"
"65","no","Alicia Dyches","79","I can't stand hiking!!!","False"
"66","no","Nancy Renk","47","I love playing board games...","False"
"67","no","Marta Simmons","88","I hate hiking!","False"
"68","ferfi","Jason Sawicki","87","I adore cats.","True"
"69","no","Joy Millhouse","43","I adore playing board games...","False"
"70","ferfi","Jose Adams","49","I love playing board games.","False"
"71","no","Frances Dziuban","52","I love playing board games!","True"
"72","ferfi","Pete Leedy","93","I prefer cats!","False"
"73","no","Rachel Spengler","44","I hate dogs!","False"
"74","ferfi","Melvin Henderson","42","I admire dogs!","False"
"75","ferfi","Jose Butler","23","I love traveling!!!","False"
"76","no","Willie Hirsch","18","I can't stand drinking...","False"
"77","no","Jacqueline Brown","25","I love playing board games.","False"
"78","ferfi","Richard Macy","78","I prefer playing board games!","True"
"79","ferfi","Bob Tucci","59","I despise traveling!!!","False"
"80","no","Zoe Norville","85","I despise dogs!!!","True"
"81","no","Phyllis Hernandez","71","I adore hiking.","False"
"82","ferfi","John Perla","88","I can't stand commiting war crimes!!!","False"
"83","ferfi","Ricky Ramsey","83","I prefer commiting war crimes...","False"
"84","ferfi","Kevin Weaver","85","I despise playing board games!","False"
"85","no","Anita Hyatt","79","I love dogs!!!","True"
"86","ferfi","Nicholas Cleveland","19","I adore commiting war crimes!","False"
"87","ferfi","Patrick Parker","20","I hate commiting war crimes.","True"
"88","no","Jennifer Nelson","48","I can't stand cats!!!","False"
"89","ferfi","Douglas Cox","68","I hate hiking.","False"
"90","no","Linda Hoefler","49","I love traveling...","True"
"91","no","Sarah Goucher","99","I can't stand playing board games...","False"
"92","ferfi","Alan Cannon","27","I hate cats!","False"
"93","no","Beverly Richie","59","I prefer hiking...","False"
"94","ferfi","Gerald Morlino","35","I hate cats!","False"
"95","ferfi","Leonard Kasper","41","I admire playing board games!!!","True"
"96","no","Courtney Copeland","28","I prefer drinking!","False"
"97","ferfi","Steven Mccutcheon","87","I admire drinking...","True"
"98","ferfi","Michael Durr","57","I admire dogs...","True"
"99","no","Cheryl Siddiqui","90","I prefer hiking...","False"
"100","ferfi","Virgil Peterson","73","I admire drinking.","False"
"101","no","Valerie Reinwald","63","I adore drinking...","False"
"102","no","Cristina Sampley","57","I can't stand cats...","False"
"103","ferfi","Eddie Prichard","40","I hate hiking.","False"
"104","ferfi","Kevin Johnson","89","I adore traveling!","True"
"105","no","Deborah Davenport","43","I prefer dogs!","False"
"106","ferfi","David Story","86","I love cats!","True"
"107","ferfi","Harold Drake","99","I hate cats...","True"
"108","no","Donna Yoshida","83","I love commiting war crimes...","True"
"109","no","Mary Dodd","30","I despise playing board games...","False"
"110","ferfi","Charles Harris","95","I despise playing board games...","False"
"111","ferfi","Darrel Templeton","46","I adore drinking.","False"
"112","ferfi","Robert Slosek","30","I love dogs!","False"
"113","no","Brittney Zacarias","51","I can't stand drinking!","True"
"114","ferfi","John Hull","40","I prefer drinking.","False"
"115","ferfi","Jesus Jamison","44","I despise playing board games!","False"
"116","no","Deane Debusk","20","I hate hiking!!!","False"
"117","no","Crystal Wolf","48","I admire cats.","False"
"118","ferfi","Frank Nicholson","51","I can't stand traveling.","False"
"119","ferfi","John Rose","41","I despise commiting war crimes.","False"
"120","ferfi","Angel Harris","99","I despise commiting war crimes!!!","True"
"121","ferfi","Thomas Brookins","40","I adore cats!","True"
"122","ferfi","Justin Masters","87","I can't stand dogs!!!","False"
"123","ferfi","Marvin Scherer","96","I hate hiking!!!","True"
"124","ferfi","Andre Cowles","71","I hate dogs.","False"
"125","no","Amy Huggins","78","I hate playing board games.","True"
"126","no","Debra Lumpkin","34","I adore traveling!!!","False"
"127","no","Jamie Jacobs","68","I love drinking!","True"
"128","no","Michelle Aust","51","I can't stand commiting war crimes...","False"
"129","ferfi","Charles Ortega","83","I despise cats.","False"
"130","no","Grace Weimar","20","I despise playing board games!","False"
"131","ferfi","Oscar Day","96","I can't stand cats...","True"
"132","ferfi","Albert Koehler","88","I prefer drinking...","False"
"133","no","Nancy Quinn","97","I admire cats!","False"
"134","no","Lisa Saunders","52","I hate playing board games.","False"
"135","no","Jeane Sankey","77","I adore commiting war crimes.","False"
"136","ferfi","Jared Bright","83","I hate traveling!","False"
"137","no","Kathleen Stuart","51","I can't stand playing board games!","False"
"138","ferfi","James Martinez","18","I admire drinking!","True"
"139","ferfi","Curtis Brown","84","I admire traveling...","False"
"140","no","Katie Bagg","79","I admire commiting war crimes.","False"
"141","ferfi","Larry Dustin","41","I can't stand dogs!!!","True"
"142","no","Beverly Wood","68","I admire commiting war crimes.","False"
"143","ferfi","Larry Norris","31","I admire hiking.","False"
"144","ferfi","James Stevens","51","I love hiking!","False"
"145","ferfi","Nathan Thomas","18","I love commiting war crimes!","False"
"146","ferfi","Allen Hayes","24","I can't stand cats!","False"
"147","no","Carolyn Estrada","82","I adore commiting war crimes!","False"
"148","no","Denise Deangelo","83","I despise playing board games...","False"
"149","no","Jessica Baker","54","I despise commiting war crimes.","False"
"150","ferfi","Thomas Deanda","74","I hate playing board games.","False"
"151","no","Patty Moldenhauer","96","I can't stand drinking!!!","True"
"152","ferfi","Lee Yang","80","I admire commiting war crimes...","True"
"153","ferfi","John Horton","26","I hate hiking!","False"
"154","no","Lisa Harris","78","I love hiking!!!","True"
"155","ferfi","Donald Stafford","92","I adore cats.","False"
"156","no","Renee Swanson","20","I admire playing board games.","False"
"157","ferfi","Eric Gillespie","45","I adore commiting war crimes!","True"
"158","no","Jennifer Bratchett","91","I adore hiking.","True"
"159","no","Lena Goodridge","72","I hate drinking.","False"
"160","ferfi","Horacio Craddock","33","I love dogs!","False"
"161","no","Mae Byrd","25","I admire dogs...","False"
"162","ferfi","Francisco Martinez","46","I admire commiting war crimes.","False"
"163","ferfi","Arthur Green","94","I hate cats...","False"
"164","ferfi","Aaron Bunnell","36","I love hiking!!!","False"
"165","no","Jennifer Seamons","61","I admire drinking!","False"
"166","no","Denise Smith","31","I prefer hiking!","False"
"167","ferfi","Marc Leverett","57","I despise hiking!","False"
"168","no","Carrie Berlin","22","I hate cats!","True"
"169","no","Desiree Dorsey","65","I admire drinking...","False"
"170","no","Berta Biddle","42","I love hiking.","False"
"171","ferfi","Daniel Veve","43","I despise playing board games!","True"
"172","no","Ashley Giammarino","95","I prefer traveling!","False"
"173","ferfi","Benjamin Anglea","57","I adore traveling!!!","False"
"174","no","Stacie Porras","84","I can't stand traveling!!!","False"
"175","no","Karen Burgener","81","I can't stand traveling!","False"
"176","ferfi","Robert Brown","61","I prefer commiting war crimes...","True"
"177","ferfi","Jeremy Thomas","40","I love cats...","False"
"178","ferfi","Ralph Mosley","90","I prefer drinking...","True"
"179","ferfi","Karl Dennis","42","I can't stand cats.","False"
"180","ferfi","Edward Muzyka","90","I prefer hiking!!!","False"
"181","no","Ruth Pribble","61","I prefer playing board games!!!","False"
"182","no","Angelina Becker","86","I can't stand dogs...","False"
"183","ferfi","Thomas Bagnoli","77","I love dogs!","False"
"184","no","Concetta Graham","78","I love traveling!","False"
"185","no","Ruth Harkey","77","I hate traveling!!!","False"
"186","ferfi","Raymond Sherman","92","I admire commiting war crimes!!!","False"
"187","no","Gina Hagee","42","I can't stand commiting war crimes!","False"
"188","no","Delfina Elam","84","I despise commiting war crimes!!!","False"
"189","no","Angela Douglas","24","I prefer cats...","True"
"190","ferfi","Scott Alexander","97","I hate dogs!","True"
"191","ferfi","James Powell","39","I admire dogs...","False"
"192","no","Linda Sass","62","I can't stand traveling.","False"
"193","ferfi","Dusty Phillips","49","I can't stand playing board games!!!","False"
"194","ferfi","Bryant Biggs","29","I can't stand traveling!!!","False"
"195","no","Thelma Albaugh","56","I despise drinking!!!","True"
"196","no","Emma Byrd","74","I adore dogs...","False"
"197","ferfi","Christopher William","65","I despise traveling!","False"
"198","no","Sarah Ortiz","80","I despise drinking...","True"
"199","ferfi","Thomas Schroeder","38","I admire drinking!","False"
"200","no","Ellen Davis","92","I love dogs!!!","True"
"201","no","Angela Robinson","96","I hate dogs!!!","False"
"202","ferfi","Archie Holloway","58","I can't stand cats.","False"
"203","no","Julie Michel","35","I admire cats!","False"
"204","no","Beverly Knauf","64","I despise playing board games!!!","False"
"205","ferfi","Antoine Werner","25","I admire playing board games!!!","True"
"206","ferfi","David Chevarie","73","I adore traveling!!!","False"
"207","no","Merlyn Contreras","45","I can't stand hiking.","True"
"208","no","Deanna Kraus","82","I love hiking.","True"
"209","no","Michelle Covey","31","I admire hiking!","False"
"210","no","Vasiliki Buss","82","I love playing board games...","False"
"211","ferfi","Isaac Kirby","50","I love commiting war crimes.","False"
"212","ferfi","Donnie Mason","35","I love commiting war crimes!!!","True"
"213","no","Mary Cardoza","78","I prefer commiting war crimes!","False"
"214","no","Barbara Gordon","70","I prefer drinking!","False"
"215","no","Laura King","84","I hate playing board games...","False"
"216","no","Anna Jones","36","I hate cats!","False"
"217","no","Janice Nathanson","41","I despise dogs!!!","False"
"218","no","Rebecca Kahan","58","I despise traveling!","True"
"219","no","Courtney Carlisle","81","I love drinking.","False"
"220","ferfi","Alexander Lewis","67","I adore commiting war crimes!","False"
"221","ferfi","Thomas Guy","86","I can't stand commiting war crimes.","True"
"222","no","Gloria Obrien","58","I despise hiking.","False"
"223","ferfi","James Barnes","20","I hate hiking...","False"
"224","no","Natasha Anderson","75","I hate playing board games!!!","True"
"225","ferfi","Vincent Myatt","63","I hate cats!","True"
"226","no","Ellen Robinett","41","I hate dogs!","False"
"227","ferfi","Jason Feuer","25","I can't stand drinking...","False"
"228","no","Amelia Sanders","38","I despise cats.","False"
"229","no","Alice Potts","33","I hate commiting war crimes...","False"
"230","ferfi","Charles Sawyer","99","I admire commiting war crimes!!!","False"
"231","ferfi","Eugene Harris","26","I prefer commiting war crimes!","True"
"232","no","Joanna Esquer","97","I despise cats...","False"
"233","ferfi","Ryan Garcia","50","I hate hiking!!!","False"
"234","ferfi","Jesus Peters","77","I despise commiting war crimes!!!","False"
"235","no","Kathleen Morse","19","I prefer traveling...","False"
"236","no","Rosemary Jarvis","74","I prefer traveling!!!","False"
"237","no","Arlene Goodson","66","I hate hiking!","False"
"238","no","Georgette Holland","91","I hate hiking!!!","True"
"239","no","Alexis Austin","39","I adore playing board games!!!","True"
"240","no","Cheryl Nghe","97","I prefer commiting war crimes...","False"
"241","no","Mary Goodman","79","I hate hiking!","False"
"242","ferfi","Douglas Hubert","27","I despise cats...","True"
"243","no","Kelly Bloom","83","I despise cats!!!","False"
"244","ferfi","David Soffel","61","I love hiking...","False"
"245","no","Patricia Walker","24","I adore commiting war crimes!","True"
"246","ferfi","Joseph Baker","97","I hate drinking!","False"
"247","no","Jessica Gautam","32","I can't stand playing board games...","False"
"248","ferfi","Sam Pike","79","I prefer dogs!","False"
"249","ferfi","Charles Mccarver","88","I adore playing board games.","False"
"250","no","Philomena Godby","52","I adore hiking!","False"
"251","no","Bernice Johnson","34","I love drinking!!!","False"
"252","no","Jacque Angell","18","I prefer playing board games!","False"
"253","ferfi","George Hurt","23","I despise drinking...","False"
"254","no","Irma Gardner","83","I can't stand commiting war crimes!!!","True"
"255","ferfi","Anthony Orellana","58","I prefer commiting war crimes.","False"
"256","no","Helen Mcmichael","83","I admire cats...","False"
"257","no","Maryam Moreno","36","I admire drinking.","False"
"258","no","Evelyn Gorenberg","99","I admire drinking!!!","False"
"259","no","Carolyn Helgeson","96","I adore playing board games!","False"
"260","no","Frances Wallner","99","I hate dogs!","False"
"261","ferfi","Eduardo Hughes","70","I admire traveling!!!","True"
"262","ferfi","Jackie Blair","52","I admire hiking...","False"
"263","no","Rosemary Gallman","50","I adore traveling...","False"
"264","ferfi","Francis Williams","68","I admire drinking...","False"
"265","no","Mora Walp","38","I despise commiting war crimes!!!","False"
"266","no","Sondra Marcus","99","I admire commiting war crimes!!!","False"
"267","ferfi","Manuel Nunes","49","I hate traveling.","False"
"268","no","Jenny Harwell","34","I prefer hiking!","False"
"269","no","Michele Bryant","83","I love traveling.","False"
"270","no","April Frediani","27","I adore hiking!!!","False"
"271","ferfi","Herbert Wood","26","I can't stand hiking...","False"
"272","no","Jesenia Mitchell","85","I love dogs...","True"
"273","ferfi","Peter Edwards","53","I can't stand traveling!!!","False"
"274","no","Mary Vasher","32","I admire hiking.","True"
"275","no","Annie Rodriguez","78","I admire traveling...","True"
"276","ferfi","Mario Nicols","19","I hate hiking!","False"
"277","ferfi","John Cates","22","I admire dogs.","False"
"278","no","Susan Crum","74","I love cats!","False"
"279","no","Sandra Bell","29","I prefer dogs!","False"
"280","no","Christie Cherry","86","I prefer commiting war crimes!!!","False"
"281","no","Mary Sipes","48","I despise playing board games!","False"
"282","ferfi","Albert Kisner","49","I hate commiting war crimes!!!","False"
"283","no","Lula Taylor","67","I prefer hiking...","True"
"284","no","Sharon Wright","81","I hate hiking!","False"
"285","no","Cheryll Osborne","36","I hate hiking!","False"
"286","no","Maggie Moore","70","I admire traveling.","True"
"287","ferfi","David Mcgrath","42","I can't stand cats!","True"
"288","ferfi","Richard Broadway","92","I can't stand traveling.","True"
"289","ferfi","Rocky Grimaldo","19","I adore commiting war crimes...","True"
"290","ferfi","Samuel Tomsic","99","I love drinking!","False"
"291","no","Julie Davis","77","I hate cats.","False"
"292","ferfi","Edward Burhans","68","I adore dogs.","False"
"293","ferfi","Jose Hannah","69","I hate hiking...","False"
"294","ferfi","Patrick Hutchison","51","I hate dogs!","True"
"295","ferfi","David Odems","52","I can't stand traveling.","False"
"296","ferfi","Anthony Link","64","I can't stand hiking!!!","False"
"297","ferfi","Micheal Chessman","90","I admire dogs.","False"
"298","no","Rose Armstrong","97","I adore playing board games...","False"
"299","ferfi","Jose Friend","68","I admire cats...","False"
"300","ferfi","Thomas Hoff","63","I adore drinking!!!","True"
"301","ferfi","Kevin Kinard","60","I admire hiking!!!","False"
"302","ferfi","John Gary","72","I prefer commiting war crimes.","False"
"303","no","Debbie Fox","43","I admire dogs...","False"
"304","no","Linette Dawkins","62","I despise drinking.","True"
"305","ferfi","Terry Tashman","32","I admire drinking.","False"
"306","ferfi","Herman Miller","59","I can't stand cats.","False"
"307","ferfi","Richard Owsley","68","I hate cats.","False"
"308","no","Hilda Orr","57","I can't stand commiting war crimes!!!","False"
"309","ferfi","David Gutierrez","87","I hate cats.","True"
"310","no","Nettie Kitchen","77","I adore dogs!!!","True"
"311","no","Mary Diekmann","49","I adore playing board games.","False"
"312","no","Ninfa Melius","57","I despise playing board games.","False"
"313","ferfi","Paul Sullivan","26","I admire cats.","False"
"314","no","Amy Wilkinson","76","I prefer cats.","False"
"315","ferfi","Robert Willis","92","I admire dogs!!!","True"
"316","no","Tracy Wooldridge","82","I hate commiting war crimes!","False"
"317","ferfi","Herschel Fleming","76","I prefer hiking.","False"
"318","ferfi","Robert Diamond","23","I despise hiking...","False"
"319","no","Jocelyn Pasquino","43","I hate drinking!","False"
"320","no","Alma Osborn","35","I can't stand hiking!!!","False"
"321","ferfi","David Mendoza","36","I admire hiking.","False"
"322","no","Meredith Jones","46","I despise hiking!!!","True"
"323","ferfi","Robert Moore","63","I love commiting war crimes!","False"
"324","ferfi","Walter Rubin","44","I love playing board games.","False"
"325","ferfi","James Vasquez","93","I admire playing board games...","False"
"326","no","Wava Sheets","77","I adore commiting war crimes.","True"
"327","no","Rosario Howard","52","I hate cats!!!","True"
"328","no","Pamela Phillips","79","I admire dogs...","False"
"329","ferfi","William Favors","70","I prefer cats!","False"
"330","no","Beverly Biron","39","I prefer hiking!","False"
"331","no","Maria Mcpherson","31","I hate traveling...","False"
"332","no","Despina Chitwood","79","I hate cats...","True"
"333","ferfi","Felipe Weal","58","I admire cats.","False"
"334","ferfi","Everett Mauro","49","I can't stand cats...","False"
"335","no","Lorretta Lawson","68","I love traveling!!!","False"
"336","no","Magdalena Cisneros","86","I can't stand playing board games!!!","False"
"337","no","Debra Davis","62","I love traveling...","False"
"338","ferfi","Larry Browne","89","I hate traveling!","True"
"339","no","Gladys Zachery","47","I adore dogs!!!","False"
"340","no","Susan Trotter","37","I love cats!","False"
"341","no","Julie Dennig","72","I adore hiking!","False"
"342","ferfi","Charles Hoyt","36","I can't stand traveling!!!","True"
"343","ferfi","Terry Shelby","23","I can't stand drinking!","False"
"344","no","Amber Atkinson","58","I despise traveling!","False"
"345","no","Elizabeth Mcconnell","62","I prefer hiking.","False"
"346","ferfi","Sean Legace","63","I adore commiting war crimes...","False"
"347","ferfi","Alan Weiler","98","I can't stand drinking...","True"
"348","no","Roberta Pena","29","I admire hiking.","False"
"349","ferfi","James Mansfield","27","I prefer dogs!","False"
"350","ferfi","Andy Burnette","75","I love playing board games!","False"
"351","no","Margaret Dunbar","33","I prefer commiting war crimes.","False"
"352","ferfi","Robert Wright","31","I despise traveling!","False"
"353","no","Betty Revard","32","I despise cats!","False"
"354","ferfi","Mario Smith","37","I despise cats...","False"
"355","ferfi","Rafael Muros","75","I love cats...","True"
"356","no","Shirley Daniel","91","I admire hiking...","False"
"357","ferfi","Robert Scott","48","I despise commiting war crimes.","False"
"358","ferfi","Paul Pete","62","I admire hiking!!!","False"
"359","ferfi","Carlos Ramos","53","I prefer playing board games!","False"
"360","ferfi","John Harper","66","I adore traveling...","False"
"361","ferfi","Charles Rowe","51","I can't stand dogs!","False"
"362","ferfi","William Gelles","60","I admire drinking!","False"
"363","no","Pauline Taylor","93","I despise cats.","True"
"364","no","Linda Southall","76","I hate traveling!!!","False"
"365","ferfi","Justin Arnold","38","I can't stand drinking.","True"
"366","no","Dana Miranda","85","I can't stand cats!!!","False"
"367","ferfi","Berry Lambert","64","I adore commiting war crimes...","False"
"368","ferfi","Carey Balcom","57","I can't stand dogs...","False"
"369","ferfi","Anthony Hill","92","I adore playing board games!","True"
"370","ferfi","Leo Yeomans","34","I prefer cats...","False"
"371","no","Mary Agee","35","I love dogs!","False"
"372","no","Bessie Barnhill","79","I prefer traveling...","False"
"373","no","Jody Ulrich","67","I hate drinking!!!","False"
"374","no","Allison Mann","91","I adore hiking!","True"
"375","no","Patricia Ponder","89","I adore traveling...","False"
"376","no","Anna Bryant","69","I despise hiking!!!","False"
"377","no","Robin Springer","99","I hate hiking.","True"
"378","no","Nila Lombardo","53","I can't stand hiking!","False"
"379","ferfi","Jonathan Charles","85","I prefer drinking!!!","True"
"380","no","Nancy Levine","83","I prefer hiking!","False"
"381","no","Kara Cano","89","I admire traveling!","False"
"382","ferfi","James Rocker","95","I despise hiking!!!","False"
"383","ferfi","Timothy Jones","88","I prefer cats!!!","False"
"384","no","Jean Jenkins","92","I hate cats!!!","False"
"385","ferfi","Charles Barrett","84","I admire playing board games.","False"
"386","no","Pearl Yu","52","I love dogs...","False"
"387","no","Monica Mcwhite","21","I despise traveling...","False"
"388","ferfi","Kevin Chaplin","65","I hate traveling.","True"
"389","ferfi","Ricky English","59","I prefer commiting war crimes!!!","False"
"390","no","Arlene Annino","45","I adore dogs!","True"
"391","no","Diana Noman","37","I prefer commiting war crimes.","False"
"392","ferfi","Christopher Martin","39","I adore commiting war crimes!","False"
"393","no","Martha Lafferty","25","I despise playing board games!!!","False"
"394","ferfi","Fernando Stickler","96","I adore cats...","False"
"395","ferfi","Adam Allen","45","I love drinking!","True"
"396","ferfi","Drew Joseph","68","I prefer traveling...","True"
"397","no","Danielle Cordova","93","I admire playing board games!","True"
"398","no","Emily Miller","66","I adore traveling...","False"
"399","ferfi","Luis Mills","48","I despise cats!!!","False"
"400","no","Patricia Mitchell","97","I can't stand commiting war crimes.","False"
"401","ferfi","Darwin Reynolds","33","I despise traveling...","False"
"402","ferfi","John Walker","45","I adore commiting war crimes...","False"
"403","no","Sandra Coleman","71","I prefer drinking.","True"
"404","ferfi","Lawrence Fisher","96","I despise dogs.","False"
"405","ferfi","Mark Rush","79","I love dogs...","False"
"406","no","Bessie Thompson","27","I admire hiking!!!","False"
"407","no","Linda Johnson","87","I despise traveling!!!","False"
"408","no","Lucinda Koonce","57","I prefer dogs!","False"
"409","no","Marie Record","93","I despise commiting war crimes...","False"
"410","no","Jennifer Warner","81","I despise drinking.","True"
"411","ferfi","Luis Lam","48","I admire cats!!!","False"
"412","ferfi","Edward Palmer","39","I love drinking!","False"
"413","ferfi","Marvin Benjamin","64","I hate playing board games...","False"
"414","no","Ivette Moore","43","I admire hiking...","True"
"415","no","Anna Cote","90","I despise playing board games!!!","False"
"416","no","Shirley Gendreau","60","I love cats.","False"
"417","ferfi","George Bona","57","I despise traveling!!!","False"
"418","no","Stephanie Bogard","60","I despise dogs!!!","False"
"419","no","Kathy Crews","44","I adore dogs...","True"
"420","no","Georgia Moore","90","I can't stand commiting war crimes!","False"
"421","ferfi","George Davis","94","I can't stand drinking.","False"
"422","ferfi","William Ethridge","41","I admire hiking!!!","False"
"423","ferfi","Charles Trotter","90","I hate drinking...","True"
"424","ferfi","Matthew Tolbert","45","I hate cats!!!","True"
"425","ferfi","Jeffry Mosely","33","I despise commiting war crimes!","False"
"426","ferfi","Richard Archibald","53","I love dogs!!!","False"
"427","no","Sandi Mitchell","31","I prefer playing board games!","False"
"428","no","Frances Dunn","41","I prefer hiking...","False"
"429","ferfi","Nelson Oliver","99","I love hiking...","False"
"430","no","Doris Dixon","88","I prefer playing board games!!!","False"
"431","no","Dale Garcia","60","I love drinking...","False"
"432","ferfi","Mike Jones","86","I love dogs!!!","False"
"433","no","Leona Wilson","50","I can't stand traveling!","False"
"434","ferfi","Gabriel Ibarra","62","I can't stand playing board games!","False"
"435","no","Emilia Peterman","59","I hate cats!!!","False"
"436","no","Candace Young","92","I prefer traveling...","False"
"437","no","Princess Pineda","62","I love cats.","False"
"438","no","Caroline Leatham","44","I adore traveling!!!","False"
"439","ferfi","Eric Zona","65","I despise cats.","False"
"440","ferfi","Ben Ortiz","80","I love playing board games!!!","True"
"441","no","Minnie Valdovinos","23","I despise dogs!","False"
"442","ferfi","Alfonso Hayes","39","I prefer playing board games!!!","True"
"443","no","Wendy Routson","76","I hate hiking!","False"
"444","no","Lina Mayberry","64","I despise cats!!!","False"
"445","ferfi","Joseph Hoffman","53","I can't stand traveling.","False"
"446","no","Patricia Spears","87","I adore commiting war crimes.","False"
"447","ferfi","Douglas Nunnally","71","I admire cats!!!","False"
"448","no","Phyllis Botcher","22","I admire commiting war crimes...","False"
"449","no","Tracy Jackson","92","I admire traveling...","False"
"450","ferfi","Mark Rodriguez","63","I despise hiking...","False"
"451","ferfi","Leland Workman","85","I despise commiting war crimes!","False"
"452","ferfi","Robert Hardy","31","I can't stand commiting war crimes!","True"
"453","ferfi","Arthur Williams","76","I hate commiting war crimes!!!","False"
"454","no","Mary Phillips","93","I love hiking!","True"
"455","no","Mabel Grooms","32","I love commiting war crimes.","True"
"456","ferfi","Kenneth Ruivo","55","I adore traveling!","False"
"457","no","Sarah Mendez","94","I can't stand hiking!","False"
"458","ferfi","Charles Mcbee","80","I adore traveling!!!","False"
"459","no","Laura Lowell","63","I hate commiting war crimes!!!","True"
"460","no","Amy Martin","39","I can't stand playing board games!","False"
"461","ferfi","Porter Burton","28","I love drinking.","False"
"462","no","Charlene Proulx","82","I hate traveling...","False"
"463","no","Marian Ley","19","I adore hiking!","False"
"464","no","Tanya Sharbono","26","I adore drinking!!!","False"
"465","no","Maria Stith","20","I despise drinking.","False"
"466","no","Elizabeth Richards","94","I adore drinking.","True"
"467","no","Zoila Holquin","51","I love traveling!","False"
"468","ferfi","Joshua Moret","22","I hate drinking.","False"
"469","no","Denise Highbaugh","84","I prefer playing board games...","False"
"470","no","Erika Almand","81","I despise hiking...","True"
"471","no","Jennifer Bosworth","83","I hate playing board games!!!","False"
"472","ferfi","Gary Meier","27","I despise traveling!","False"
"473","no","Carol Klar","78","I despise drinking...","True"
"474","no","Casey Garafano","83","I despise hiking.","False"
"475","ferfi","Christopher Whitaker","97","I love playing board games!!!","False"
"476","ferfi","Gregg Schweizer","58","I despise commiting war crimes!!!","False"
"477","ferfi","Norman Walla","73","I admire dogs!","False"
"478","no","Tran Rio","76","I can't stand commiting war crimes!!!","False"
"479","no","Leeanne Winslow","85","I prefer traveling...","True"
"480","ferfi","Charles Rupp","97","I prefer commiting war crimes!","False"
"481","no","Kari Mingus","77","I hate commiting war crimes!","False"
"482","no","Joann Kopecky","34","I hate commiting war crimes!!!","False"
"483","no","Loretta Benton","65","I despise drinking...","False"
"484","ferfi","Ronny Leitheiser","43","I adore cats!","True"
"485","ferfi","Robert Natal","55","I admire cats.","False"
"486","no","Vicky Porter","30","I admire hiking...","False"
"487","no","Maria Hayes","56","I hate playing board games!","False"
"488","ferfi","James Dougal","94","I hate hiking!!!","False"
"489","no","Dot Anthony","77","I adore dogs!!!","False"
"490","no","Jennifer Mcgranahan","62","I hate drinking!","False"
"491","no","Jessica Marshall","94","I despise drinking!!!","True"
"492","no","Ann Dunne","65","I can't stand dogs!!!","True"
"493","ferfi","Kenneth Woodward","99","I admire traveling!!!","True"
"494","ferfi","James Urreta","71","I prefer drinking!!!","True"
"495","ferfi","John Hobson","94","I despise playing board games...","False"
"496","ferfi","Steven Bingham","69","I can't stand playing board games!!!","False"
"497","no","Rebecca Glover","78","I despise cats...","True"
"498","ferfi","Harold Galloway","49","I adore commiting war crimes.","False"
"499","no","Jamie Wolf","35","I adore playing board games.","False"
"500","no","Phyllis Matthews","74","I hate hiking!","False"
"501","ferfi","Robert Turman","49","I prefer dogs...","False"
"502","no","Susan Hamlin","64","I adore commiting war crimes!!!","False"
"503","no","Leslie Keith","87","I can't stand commiting war crimes...","True"
"504","no","Josephine Martin","71","I can't stand drinking...","False"
"505","ferfi","Earl White","65","I admire drinking.","True"
"506","no","Erin Brown","76","I can't stand playing board games...","True"
"507","no","Niki Maxey","39","I love dogs...","False"
"508","ferfi","Michael Taylor","42","I can't stand traveling!","False"
"509","ferfi","James Hagan","59","I adore dogs!!!","False"
"510","ferfi","Mark Peterson","52","I prefer dogs!!!","False"
"511","no","Lucille Martin","88","I love cats.","True"
"512","no","Judy Girdley","46","I love hiking!","False"
"513","no","Esmeralda Oliver","69","I despise hiking.","False"
"514","ferfi","George Booker","37","I admire commiting war crimes.","False"
"515","ferfi","George Perkins","73","I love playing board games!","False"
"516","ferfi","Nicholas Barnes","19","I prefer commiting war crimes!","False"
"517","no","Mickey Giannavola","22","I prefer drinking!!!","False"
"518","no","Adria Fussell","74","I adore dogs!!!","False"
"519","no","Robin Norman","98","I love hiking!","False"
"520","no","Mary Edwards","21","I adore traveling.","False"
"521","ferfi","Eric Reynolds","93","I can't stand traveling.","False"
"522","ferfi","Todd Kittle","77","I love cats...","False"
"523","ferfi","James Hayes","68","I admire commiting war crimes.","False"
"524","ferfi","Silas Massey","24","I adore commiting war crimes.","False"
"525","ferfi","Julius Osborne","41","I prefer playing board games.","False"
"526","no","Barbara Ward","40","I adore cats!!!","False"
"527","no","Tina Buchanan","26","I admire cats!","False"
"528","no","Nancy Rickards","25","I adore dogs...","True"
"529","no","Sadie Robinson","72","I prefer traveling.","True"
"530","no","Edith Zipfel","99","I adore drinking!!!","False"
"531","ferfi","Michael Aguila","54","I prefer drinking!!!","False"
"532","no","Michelle Coulter","69","I admire hiking.","False"
"533","ferfi","Anthony Worth","66","I admire playing board games!","False"
"534","ferfi","Wesley Levine","74","I love hiking.","False"
"535","ferfi","Stephen Meadows","19","I despise dogs.","False"
"536","no","Lucille Howard","73","I can't stand cats.","True"
"537","ferfi","Evan Stone","48","I admire hiking!!!","False"
"538","ferfi","Ronald Reid","89","I hate drinking!!!","False"
"539","no","Mary Stapler","30","I admire cats...","False"
"540","no","Frances Nilson","96","I adore commiting war crimes...","True"
"541","no","Bobbie Broady","82","I despise commiting war crimes!!!","False"
"542","no","Donna Virkler","58","I love hiking!","False"
"543","no","Anisa Barner","85","I adore commiting war crimes!","False"
"544","ferfi","Jerry Case","23","I despise drinking!","True"
"545","ferfi","Frank Hobbs","58","I admire traveling...","False"
"546","no","Vanessa Mcmorran","21","I hate playing board games.","False"
"547","ferfi","Russell Fairchild","22","I adore hiking!","False"
"548","no","Helen Evans","42","I adore hiking!","False"
"549","no","Cynthia Crawford","67","I can't stand cats.","False"
"550","ferfi","John Molina","69","I despise cats...","False"
"551","no","Julia Childers","61","I prefer cats!","True"
"552","ferfi","Lance Fowler","37","I prefer commiting war crimes!!!","False"
"553","no","Tisha Alberson","65","I love cats.","False"
"554","no","Marta Koonce","31","I admire drinking!","True"
"555","no","Debbie Obrien","38","I hate cats.","True"
"556","no","Karen Voris","93","I admire traveling...","False"
"557","no","Taylor King","28","I love dogs!!!","False"
"558","ferfi","Gabriel Clancy","63","I adore commiting war crimes.","False"
"559","ferfi","Gilbert Taylor","96","I adore dogs.","True"
"560","no","Florence Conly","56","I love drinking.","False"
"561","ferfi","Larry Newsome","66","I admire playing board games!!!","False"
"562","no","Donna Johnson","22","I admire traveling!!!","False"
"563","ferfi","Adam Holt","28","I can't stand drinking!","False"
"564","ferfi","Lester Harris","22","I can't stand commiting war crimes...","False"
"565","no","Toni Gess","56","I prefer traveling!!!","False"
"566","no","Cathleen Griswell","98","I despise drinking!","False"
"567","no","Laura Backes","91","I love commiting war crimes...","False"
"568","ferfi","Andrew Rehberg","58","I love dogs!!!","True"
"569","no","Maribel Johns","97","I love hiking...","True"
"570","ferfi","Larry Miramontes","86","I hate commiting war crimes!","False"
"571","no","Judith Wilcoxen","75","I adore traveling...","True"
"572","ferfi","Jose Flens","87","I love traveling...","False"
"573","no","Spring Payne","79","I hate playing board games!","False"
"574","no","Virginia Harris","20","I can't stand cats.","False"
"575","no","Margaret Beatty","85","I love commiting war crimes!!!","False"
"576","no","Jenifer Caldwell","45","I despise commiting war crimes...","True"
"577","no","Sharon Hazelrigg","40","I despise traveling!","True"
"578","ferfi","Robert Harris","72","I hate dogs!!!","False"
"579","no","Kimberly Smith","84","I can't stand cats!!!","True"
"580","no","Roberta Sherman","83","I adore playing board games.","True"
"581","no","Martha Moore","79","I love traveling...","False"
"582","no","Alice Jensen","51","I can't stand hiking.","False"
"583","no","Elizabeth Nelson","71","I can't stand cats...","False"
"584","no","Mona Taylor","60","I despise cats!","False"
"585","no","Jo Gray","86","I love drinking.","False"
"586","no","Delores Mulloy","78","I can't stand hiking!","True"
"587","no","Gloria Stone","21","I hate hiking...","False"
"588","ferfi","John Thompson","20","I hate cats!!!","False"
"589","ferfi","Barry Bennett","84","I prefer hiking...","True"
"590","ferfi","Charles Becker","56","I adore traveling!!!","False"
"591","ferfi","Dave Glenn","75","I hate drinking.","False"
"592","ferfi","Brian Torres","68","I adore playing board games...","True"
"593","no","Lillian Ahmad","82","I admire hiking!","True"
"594","no","Sarah Buckner","97","I hate cats.","False"
"595","ferfi","Timothy Mulhall","72","I despise drinking.","True"
"596","ferfi","Henry Christopher","34","I adore hiking!!!","False"
"597","ferfi","Stanley Carter","25","I prefer playing board games...","True"
"598","ferfi","Edward Roberts","95","I adore hiking...","False"
"599","no","Dawn Harris","27","I can't stand cats.","False"
"600","ferfi","Dennis Frazier","25","I despise commiting war crimes!","False"
"601","no","Willie Bertolami","56","I prefer traveling...","True"
"602","no","Letitia Samples","57","I hate cats.","False"
"603","ferfi","Larry Tyler","49","I adore drinking!","False"
"604","no","Dorothy Whitaker","37","I adore dogs!!!","False"
"605","no","Maureen Livingstone","24","I prefer commiting war crimes!","False"
"606","no","Jacqueline Fuhrman","60","I hate commiting war crimes.","False"
"607","ferfi","Jeffrey Linares","72","I admire hiking...","True"
"608","ferfi","Sylvester Bogle","30","I admire hiking...","False"
"609","no","Laura Niles","65","I prefer hiking...","False"
"610","no","Janet Jackson","88","I adore hiking!!!","False"
"611","ferfi","Dana Carsey","18","I prefer commiting war crimes!!!","False"
"612","ferfi","John Bushby","90","I can't stand cats!!!","True"
"613","ferfi","Stevie Morris","55","I love commiting war crimes!!!","True"
"614","no","Barbara Thomas","82","I prefer traveling.","False"
"615","ferfi","Thomas Mcclellan","88","I can't stand traveling!!!","False"
"616","no","Evelyn Williams","63","I despise dogs.","False"
"617","ferfi","Jeff Mcdaniels","76","I hate playing board games!!!","False"
"618","ferfi","John Martin","78","I adore traveling.","False"
"619","no","Elsie Hilker","84","I hate commiting war crimes!!!","False"
"620","ferfi","David Moorhead","24","I admire dogs...","False"
"621","no","Jennifer Hamill","72","I admire drinking...","False"
"622","ferfi","Harold Morris","31","I adore cats.","False"
"623","no","Juanita Tran","42","I adore dogs.","False"
"624","ferfi","Charles Long","86","I adore dogs!!!","False"
"625","no","Linda Neal","98","I admire traveling.","False"
"626","ferfi","Jermaine Osborne","71","I admire cats...","True"
"627","ferfi","Corey Visvardis","90","I can't stand drinking!!!","False"
"628","ferfi","Douglas Hankins","41","I prefer drinking...","False"
"629","no","Christie Wasson","65","I can't stand playing board games!!!","False"
"630","ferfi","Jeffrey Turner","74","I love playing board games...","False"
"631","ferfi","Larry Smith","37","I adore cats!!!","True"
"632","no","Paulette Collins","55","I prefer dogs.","False"
"633","ferfi","Christopher Brehm","24","I despise drinking!!!","False"
"634","no","Constance Ingalls","60","I adore cats.","False"
"635","no","Kathy Estes","62","I can't stand drinking!!!","False"
"636","ferfi","Bryan Acosta","43","I can't stand hiking!!!","False"
"637","no","Kelly Olsen","68","I can't stand drinking.","True"
"638","ferfi","Jim Vaughn","22","I can't stand playing board games!","False"
"639","no","Monica Acker","27","I adore hiking!","False"
"640","no","Maria Matthews","24","I love drinking...","False"
"641","no","Frances Reich","45","I can't stand commiting war crimes...","False"
"642","ferfi","Carlos Jennings","21","I admire cats!","False"
"643","ferfi","James Odoms","79","I love traveling!!!","True"
"644","no","Nancy Groh","29","I can't stand commiting war crimes!","False"
"645","no","Gretchen Kirkpatrick","80","I can't stand cats!","False"
"646","no","Catherine Wang","45","I admire commiting war crimes...","False"
"647","no","Michell Bilder","32","I adore hiking...","False"
"648","no","Harriet Pittsley","95","I prefer dogs.","True"
"649","ferfi","Tyrone Andersen","53","I prefer hiking...","True"
"650","ferfi","Gregory Albert","36","I hate drinking!!!","True"
"651","no","Ann Lush","63","I despise cats...","True"
"652","no","Rebecca Gallant","65","I admire commiting war crimes.","False"
"653","ferfi","Steven Williams","43","I admire commiting war crimes!","False"
"654","ferfi","David Campbell","80","I can't stand hiking.","False"
"655","ferfi","Darren Melville","94","I despise hiking...","True"
"656","no","Nancy Rooney","19","I adore playing board games...","True"
"657","ferfi","Jan Sauredo","49","I adore commiting war crimes.","False"
"658","ferfi","Norman Akin","69","I admire cats.","True"
"659","no","Kelly Bailey","60","I adore traveling!!!","False"
"660","ferfi","James Wiersteiner","78","I adore hiking!","False"
"661","no","Lisa Dove","22","I despise dogs!","False"
"662","ferfi","James Satcher","95","I hate dogs.","True"
"663","no","Melissa Bilodeau","92","I despise cats!!!","True"
"664","ferfi","Brian Griffin","48","I despise dogs...","True"
"665","no","Priscilla Harbaugh","50","I prefer dogs!","False"
"666","no","Mary Harris","41","I adore playing board games!","False"
"667","ferfi","Royal Killian","74","I hate commiting war crimes...","False"
"668","ferfi","James Ingle","62","I adore traveling!","True"
"669","no","Darlene Gioia","80","I despise dogs...","False"
"670","no","Samantha Dixon","79","I adore commiting war crimes!","False"
"671","no","Hortencia Jones","20","I prefer hiking!!!","True"
"672","no","Kesha Jolissaint","89","I can't stand traveling!","False"
"673","ferfi","David Rios","67","I love playing board games.","False"
"674","no","Sharon Johnson","88","I admire drinking!","True"
"675","ferfi","Christopher Rice","64","I hate playing board games...","False"
"676","no","Eleanor Marchiori","68","I can't stand drinking...","False"
"677","no","Michelle Rupert","95","I prefer traveling...","False"
"678","no","Corinne Rodriguez","66","I hate playing board games...","False"
"679","ferfi","Wayne Burke","55","I hate playing board games!","False"
"680","ferfi","Robert Johnson","91","I prefer commiting war crimes...","False"
"681","ferfi","Robert White","81","I can't stand traveling.","False"
"682","ferfi","Bernard Hicks","70","I can't stand dogs!","True"
"683","ferfi","Paul Mahr","30","I can't stand traveling.","False"
"684","ferfi","Louis Brooks","21","I prefer cats!!!","True"
"685","no","Pat Stubbert","32","I love hiking.","False"
"686","ferfi","Christopher Weinstein","21","I love drinking.","False"
"687","no","Jenni Smith","54","I admire playing board games!","False"
"688","no","Debra Guenther","30","I can't stand playing board games!","False"
"689","no","Lorna Banks","83","I can't stand playing board games!","False"
"690","no","Evelyn Murray","71","I prefer dogs!!!","False"
"691","ferfi","Richard Johnson","26","I hate cats!","False"
"692","ferfi","David Hart","85","I hate traveling!","False"
"693","no","Diana Evans","96","I despise playing board games!!!","False"
"694","no","Helen Olson","56","I despise cats...","False"
"695","ferfi","Robert Blair","43","I admire commiting war crimes...","False"
"696","no","Arlene Stewart","61","I can't stand cats!!!","False"
"697","ferfi","John Lee","56","I can't stand hiking...","False"
"698","ferfi","Willie Pippin","80","I love cats...","True"
"699","no","Adriana Coney","86","I despise drinking...","False"
"700","no","Doris Witzke","87","I hate dogs!","False"
"701","no","Elanor Brown","38","I despise cats!!!","False"
"702","ferfi","Scott Stephens","68","I hate cats!!!","False"
"703","ferfi","Michael Osborne","51","I prefer drinking.","True"
"704","no","Donna Bonner","85","I despise playing board games.","False"
"705","no","Shauna Chavez","72","I prefer playing board games.","False"
"706","ferfi","Edward Gaudin","91","I hate dogs.","False"
"707","no","Christine Wolcott","78","I admire commiting war crimes.","False"
"708","no","Carolyn Grindle","88","I can't stand commiting war crimes!","False"
"709","ferfi","Omar Newby","18","I love drinking.","False"
"710","ferfi","Paul Barnoski","49","I can't stand drinking!!!","False"
"711","no","Sophia Schwartz","30","I adore cats...","False"
"712","ferfi","Dennis Kiani","21","I adore drinking!!!","False"
"713","ferfi","John Jones","71","I hate cats!!!","True"
"714","no","Debra Mummert","35","I can't stand drinking!!!","False"
"715","no","Shirley Hillman","19","I prefer commiting war crimes!!!","False"
"716","ferfi","Jim Krueger","85","I love traveling.","False"
"717","ferfi","Thomas Dufour","55","I love commiting war crimes!!!","False"
"718","no","Yvette Guffey","22","I adore cats...","False"
"719","no","Jolene Larrivee","88","I can't stand cats!","False"
"720","no","Barbara Sanders","43","I hate hiking...","False"
"721","ferfi","Michael Serrell","44","I despise cats!!!","False"
"722","ferfi","Michael Lopez","98","I despise commiting war crimes...","False"
"723","ferfi","Roger Silverman","45","I admire playing board games!!!","True"
"724","ferfi","Gilbert Clarke","94","I admire drinking...","False"
"725","ferfi","Brian Panzarella","61","I can't stand cats!!!","False"
"726","no","Carmen Feliciano","54","I adore traveling.","False"
"727","no","Christina Willis","49","I can't stand hiking!!!","False"
"728","ferfi","Joe Carter","26","I hate commiting war crimes!","True"
"729","ferfi","Ronald Hawkins","88","I despise hiking!","False"
"730","ferfi","Philip Rand","81","I prefer drinking...","True"
"731","no","June Doane","52","I can't stand dogs!","False"
"732","no","Jennifer Munoz","34","I love traveling...","False"
"733","no","Patricia Kennedy","35","I hate traveling!!!","False"
"734","ferfi","Joe Kong","79","I hate dogs...","False"
"735","ferfi","Fredrick Wentz","31","I love drinking.","False"
"736","ferfi","Brian Martinez","86","I adore dogs...","False"
"737","ferfi","Gary Walker","77","I adore hiking!!!","False"
"738","ferfi","Nicolas Poplar","56","I can't stand drinking.","True"
"739","no","Kelly Ferebee","68","I adore drinking.","False"
"740","no","Bobbie Strong","84","I love commiting war crimes!","False"
"741","ferfi","Paul Herod","93","I prefer playing board games!","False"
"742","no","Donna Dresser","95","I despise cats.","True"
"743","no","Delores Terrell","64","I despise commiting war crimes!","True"
"744","ferfi","Justin Allen","65","I adore cats!!!","True"
"745","ferfi","Scott Whitesides","87","I love traveling!","True"
"746","no","Mandy Phillips","58","I despise traveling...","False"
"747","no","Norma Anders","27","I admire dogs!","False"
"748","no","Santana Lax","50","I love drinking!","False"
"749","ferfi","Andrew Blair","54","I can't stand playing board games!!!","False"
"750","ferfi","Raymond Monjaras","94","I can't stand drinking!","False"
"751","ferfi","Coy Hernandez","99","I despise hiking.","False"
"752","no","Mary Hansen","88","I despise traveling...","False"
"753","no","Delma Roberts","88","I hate dogs.","False"
"754","no","Gayle Bell","84","I can't stand commiting war crimes!","True"
"755","no","Brenda Kadi","70","I despise cats...","False"
"756","ferfi","Philip Wiedmann","84","I hate drinking!","False"
"757","ferfi","Sidney Clayton","67","I admire drinking.","True"
"758","no","Myrtle Scholz","43","I adore traveling!","False"
"759","no","Vivien Thomas","99","I admire drinking!!!","False"
"760","ferfi","Terry Turner","93","I despise traveling...","True"
"761","ferfi","Monty Buchner","19","I can't stand hiking...","False"
"762","ferfi","Steven Hernandez","76","I prefer traveling...","False"
"763","no","Marie Miller","28","I despise playing board games!","False"
"764","ferfi","Albert Johnson","98","I admire drinking.","True"
"765","ferfi","Anthony Irby","52","I prefer drinking!","False"
"766","ferfi","William Wexler","66","I prefer commiting war crimes!!!","True"
"767","no","Martha Sadowski","86","I hate dogs!!!","False"
"768","ferfi","Terry Crigger","62","I despise drinking!!!","False"
"769","no","Elizabeth Davis","22","I hate playing board games.","False"
"770","no","Rita Sizemore","98","I prefer cats.","True"
"771","ferfi","Antonio Case","87","I despise hiking...","True"
"772","no","Mary Cochran","62","I love commiting war crimes.","True"
"773","ferfi","Thomas Matlock","85","I can't stand commiting war crimes!","False"
"774","no","Alisa Stroud","39","I adore drinking.","False"
"775","ferfi","George Pritchard","51","I love hiking!","True"
"776","ferfi","Donald Mitchell","66","I despise hiking.","False"
"777","no","Julia Rosol","74","I despise hiking.","False"
"778","no","Nellie Norman","55","I can't stand hiking!!!","True"
"779","no","Eulalia Fawcett","71","I admire traveling.","False"
"780","no","Devorah Gamble","95","I love drinking!!!","False"
"781","ferfi","Michael Thrash","73","I despise commiting war crimes.","True"
"782","no","Patricia Stein","49","I admire commiting war crimes.","False"
"783","no","Carol Lyon","89","I love traveling.","False"
"784","ferfi","Nicholas Otto","69","I hate drinking...","False"
"785","ferfi","James Blevins","58","I prefer commiting war crimes!","False"
"786","ferfi","Thomas Swope","19","I adore traveling.","False"
"787","ferfi","David Garguilo","27","I prefer drinking.","True"
"788","ferfi","David Norstrand","95","I prefer commiting war crimes...","True"
"789","ferfi","Theodore Carrillo","43","I hate drinking!","False"
"790","no","Mildred Wischmeier","83","I adore cats.","False"
"791","ferfi","Ronald Martinez","74","I admire commiting war crimes.","False"
"792","ferfi","Stephen Etheridge","71","I hate drinking!!!","False"
"793","ferfi","Edmund Hinton","49","I admire dogs!","False"
"794","no","Linda Eschen","36","I admire commiting war crimes.","False"
"795","no","Donna Hoobler","91","I despise playing board games!!!","True"
"796","ferfi","James Pratt","46","I admire hiking...","False"
"797","ferfi","Daniel Sadler","99","I can't stand playing board games.","True"
"798","no","Bonnie Roberts","76","I despise drinking...","False"
"799","no","Keila Collins","26","I prefer drinking!!!","True"
"800","ferfi","Seth Warner","48","I adore hiking...","False"
"801","ferfi","John Mackey","27","I admire drinking!","True"
"802","ferfi","Kevin Turner","63","I hate hiking!","False"
"803","no","Myrtle Deem","68","I can't stand cats!","False"
"804","ferfi","Kevin Thompson","86","I admire dogs!!!","True"
"805","ferfi","Foster Sanders","20","I hate commiting war crimes!","False"
"806","ferfi","Anthony Cranford","32","I love drinking!!!","False"
"807","ferfi","Daniel Dawson","99","I hate drinking...","True"
"808","ferfi","Dwayne Chester","97","I admire traveling!","False"
"809","no","Shannon White","78","I despise commiting war crimes!!!","False"
"810","ferfi","Raymond Gilbert","22","I prefer cats.","True"
"811","no","Bettie Uzelac","79","I can't stand hiking...","True"
"812","ferfi","Tony Simons","35","I despise traveling...","False"
"813","no","Mary Harrison","97","I prefer playing board games!!!","False"
"814","ferfi","Richard Melito","78","I love drinking!","False"
"815","no","Barbara Padilla","96","I can't stand cats!!!","True"
"816","ferfi","Jules Franklin","63","I can't stand traveling.","False"
"817","no","Rachel Shunk","37","I adore playing board games!","True"
"818","no","Jennifer Mcfalls","69","I love hiking.","False"
"819","ferfi","Paul Miller","38","I hate dogs!","True"
"820","no","Shirley Geronimo","68","I despise cats!!!","False"
"821","ferfi","Douglas Bufkin","61","I hate hiking!!!","True"
"822","no","Crystal Mcmillan","19","I admire drinking.","True"
"823","ferfi","Evan Kueny","92","I prefer playing board games...","True"
"824","no","Deborah Briggs","31","I prefer drinking!!!","False"
"825","no","Allison Bell","96","I admire cats.","False"
"826","ferfi","Benjamin Paul","47","I prefer dogs!!!","False"
"827","ferfi","Elijah Wakham","36","I despise commiting war crimes.","False"
"828","no","Ruth Vaughan","91","I admire traveling.","True"
"829","no","Marjorie Sanchez","98","I hate dogs.","False"
"830","ferfi","Jacob Ryder","92","I admire dogs!!!","False"
"831","no","Lauren Lee","26","I can't stand commiting war crimes!!!","False"
"832","no","Aubrey Curtis","88","I love drinking!!!","True"
"833","no","Teresa Dapolito","21","I hate commiting war crimes!","False"
"834","no","Brenda Bravo","46","I adore hiking.","False"
"835","no","Barbara Clark","92","I love commiting war crimes!","False"
"836","no","Jennifer Sheppard","90","I prefer hiking.","False"
"837","ferfi","Miguel Goodwill","74","I love playing board games.","False"
"838","no","Cecilia Mitchell","96","I hate playing board games.","False"
"839","no","Irma Titus","70","I prefer hiking...","False"
"840","no","Lisa Thomas","90","I can't stand dogs...","False"
"841","no","Karin Brown","56","I prefer cats!","False"
"842","ferfi","Emilio Gamache","70","I admire drinking.","False"
"843","ferfi","Michael Brown","53","I admire cats.","False"
"844","ferfi","Steven Davidson","96","I hate playing board games...","True"
"845","ferfi","Sean Young","78","I hate cats.","False"
"846","no","Erika Woo","48","I despise cats!!!","False"
"847","ferfi","Matthew Graybill","76","I hate commiting war crimes.","False"
"848","ferfi","Steven Cambell","48","I adore hiking...","False"
"849","no","Elodia Mcgowan","21","I can't stand dogs...","False"
"850","no","Lizzette Goodell","96","I despise cats...","False"
"851","no","Jane Soto","34","I can't stand commiting war crimes!!!","False"
"852","ferfi","Robert Leno","37","I love dogs...","True"
"853","no","Tracey Terrell","22","I hate hiking...","False"
"854","ferfi","Bradley Johnson","20","I adore traveling.","False"
"855","ferfi","Damien Aranjo","38","I admire dogs.","False"
"856","ferfi","Thomas Verrett","32","I prefer commiting war crimes!","False"
"857","ferfi","Richard Hodge","78","I love cats.","True"
"858","no","Stephanie Cox","36","I love hiking!!!","False"
"859","ferfi","Dale Fitzgibbon","24","I despise hiking.","False"
"860","ferfi","Eric Dixon","66","I despise dogs!!!","False"
"861","no","Kathleen Smith","92","I adore commiting war crimes!!!","True"
"862","ferfi","David Wilson","72","I prefer hiking.","False"
"863","no","Gladys Olives","74","I can't stand traveling...","False"
"864","no","Vicki Wright","96","I prefer hiking!!!","True"
"865","no","Enid Perkins","40","I love hiking!","False"
"866","no","Carol Wolff","47","I despise cats!","False"
"867","ferfi","Scott Castelluccio","71","I prefer hiking...","False"
"868","no","Joyce Good","70","I adore dogs!!!","False"
"869","no","Naomi Self","62","I love drinking!!!","True"
"870","ferfi","Jay Curran","55","I prefer traveling.","False"
"871","ferfi","Matthew Barb","92","I hate commiting war crimes!","False"
"872","no","Rosemary Hossain","91","I hate dogs...","False"
"873","ferfi","Gerald Parks","21","I can't stand drinking!","False"
"874","no","Jaqueline Amos","67","I love traveling!","False"
"875","no","Brenda Press","93","I love traveling!","False"
"876","ferfi","Eric Ramos","64","I adore traveling!!!","False"
"877","no","Jennifer Balcom","20","I prefer traveling!","True"
"878","no","Annie Babin","62","I admire commiting war crimes!","False"
"879","ferfi","Stephen Kepner","54","I can't stand dogs!!!","False"
"880","no","Laurie Walker","70","I despise hiking!","False"
"881","ferfi","Edward Gorman","55","I despise traveling.","False"
"882","no","Tonia Royal","26","I hate dogs.","False"
"883","ferfi","Steven Gilmore","35","I admire commiting war crimes!!!","False"
"884","no","Kristin Bartlett","38","I adore commiting war crimes...","False"
"885","no","Catherine Childs","55","I can't stand dogs.","True"
"886","ferfi","Robert Diaz","87","I despise playing board games.","False"
"887","ferfi","William Rachel","27","I despise cats!!!","False"
"888","ferfi","Edmond Haws","19","I love drinking.","False"
"889","no","Katherine Kiehl","78","I love dogs.","True"
"890","ferfi","Willard Huelse","57","I despise drinking!!!","False"
"891","no","Margaret Maupin","68","I love traveling...","True"
"892","no","Esther Miller","75","I hate hiking...","False"
"893","ferfi","Charles Mays","69","I can't stand drinking!!!","True"
"894","ferfi","Howard Rodriguez","99","I hate drinking!!!","False"
"895","ferfi","Paris Keplin","94","I love playing board games!!!","False"
"896","no","Georgia Riggs","91","I admire commiting war crimes!","False"
"897","no","Merry Youngblood","24","I adore drinking!","False"
"898","ferfi","John Black","54","I hate hiking!","False"
"899","ferfi","Willie Miles","36","I love drinking!","False"
"900","ferfi","Robert Tate","45","I despise dogs!","False"
"901","no","Sherry Peters","65","I despise hiking.","False"
"902","no","Brenda Kurth","85","I can't stand traveling.","False"
"903","no","Donna Levitz","56","I prefer cats!","True"
"904","no","Melanie Mcdonald","76","I prefer cats...","False"
"905","ferfi","Jose Wolfe","31","I prefer commiting war crimes!","False"
"906","ferfi","Henry Thomas","31","I hate playing board games.","False"
"907","no","Karina Escobar","67","I despise hiking!","False"
"908","ferfi","Rory Young","72","I admire commiting war crimes!","False"
"909","no","Carmela Kellems","80","I prefer drinking!","False"
"910","no","Gladys Lesh","71","I prefer playing board games.","False"
"911","ferfi","Enrique Durrah","30","I prefer drinking!!!","False"
"912","ferfi","Stephen Moss","98","I admire traveling.","False"
"913","no","Adrianna Franks","98","I can't stand hiking!!!","False"
"914","ferfi","Javier Pacheco","68","I prefer hiking.","True"
"915","ferfi","George Alfano","59","I adore playing board games.","False"
"916","ferfi","Robert Barnes","22","I despise playing board games!","True"
"917","ferfi","Alvin Dolphin","51","I can't stand cats...","False"
"918","no","Donna Griffy","34","I adore traveling.","False"
"919","ferfi","Richard Tucker","29","I admire cats.","False"
"920","ferfi","Thomas Matthews","56","I can't stand cats.","True"
"921","ferfi","Alex Monterio","84","I despise playing board games!","True"
"922","ferfi","Scott Clemens","55","I adore commiting war crimes...","True"
"923","no","Dovie Boozer","21","I love commiting war crimes.","False"
"924","ferfi","Lawrence Mendez","76","I love traveling.","True"
"925","no","Frances Tuitt","19","I admire commiting war crimes...","False"
"926","no","Doris Hopson","29","I hate cats...","False"
"927","no","Leslie Honn","50","I love hiking.","False"
"928","ferfi","Marcus Gary","69","I adore drinking.","False"
"929","ferfi","Mark Senethavilouk","27","I admire dogs...","True"
"930","ferfi","Shawn Mansi","21","I can't stand playing board games!!!","False"
"931","no","Emmy Perea","54","I adore hiking!!!","False"
"932","ferfi","Melvin Campbell","68","I prefer cats.","True"
"933","no","Leanne Wagner","46","I love dogs.","False"
"934","no","Ethel Martin","22","I hate hiking.","False"
"935","ferfi","Walter Chacon","21","I can't stand drinking.","False"
"936","ferfi","James Mcdonald","19","I despise hiking!!!","True"
"937","ferfi","Abraham Ferreira","41","I can't stand playing board games!","False"
"938","no","Bethany Risher","92","I love playing board games!!!","False"
"939","no","Audrey Johnson","60","I despise hiking...","False"
"940","no","Kathy Miller","25","I despise dogs.","False"
"941","ferfi","Joe Spearman","86","I prefer hiking...","False"
"942","no","Lillian Morey","50","I can't stand dogs!!!","False"
"943","ferfi","Jesus Markarian","21","I hate dogs.","False"
"944","no","Kristi Wenrich","48","I can't stand drinking.","False"
"945","ferfi","Matthew Corbin","22","I can't stand commiting war crimes.","True"
"946","no","Ellan Mason","22","I hate cats...","True"
"947","ferfi","Nelson Gaytan","19","I can't stand hiking.","False"
"948","ferfi","Michel Zelechowski","30","I adore playing board games!!!","False"
"949","no","Moon Mazzocco","28","I hate dogs...","False"
"950","ferfi","Manuel Foster","83","I can't stand hiking.","False"
"951","no","Tessa Davis","29","I can't stand drinking!!!","True"
"952","ferfi","Andrew Gallagher","43","I prefer playing board games!","False"
"953","no","Jackie Voorhees","63","I prefer playing board games.","False"
"954","no","Natasha Angulo","36","I adore commiting war crimes!!!","False"
"955","ferfi","Ronald Williams","77","I adore playing board games!","False"
"956","no","Pamala Castillo","21","I can't stand drinking.","True"
"957","ferfi","Roy Barnes","98","I love cats.","False"
"958","no","Sheri Polczynski","88","I adore playing board games!!!","False"
"959","no","Lisa Phillips","27","I adore drinking...","True"
"960","ferfi","William Dixon","59","I prefer dogs.","True"
"961","ferfi","Frank Streett","30","I can't stand hiking...","False"
"962","ferfi","Bob Hicks","53","I hate commiting war crimes!!!","True"
"963","ferfi","Melvin Greene","95","I hate dogs.","True"
"964","no","Bobbie Jones","50","I admire traveling!","False"
"965","no","Bridget Bush","71","I adore dogs!","False"
"966","no","Trish Quintero","77","I admire hiking!!!","False"
"967","no","Debbie Villarreal","90","I adore drinking.","False"
"968","ferfi","Douglas Watkins","84","I love hiking!","False"
"969","no","Rosie Sanders","55","I adore playing board games!","False"
"970","ferfi","Charles Walker","53","I love cats.","False"
"971","no","Rayna Goode","76","I hate hiking!","False"
"972","no","Brenda Hamilton","81","I can't stand playing board games...","True"
"973","ferfi","Cory Mendez","98","I can't stand traveling!!!","False"
"974","no","Dorothy Lujan","85","I can't stand cats.","True"
"975","no","Marie Evans","29","I can't stand commiting war crimes.","False"
"976","no","Janice Lewis","19","I despise dogs...","False"
"977","no","Rachell Delacruz","73","I hate drinking...","False"
"978","no","Tracy Barrett","74","I despise playing board games...","True"
"979","ferfi","William Deluca","20","I can't stand playing board games...","False"
"980","ferfi","Richard Anderson","58","I admire hiking...","False"
"981","ferfi","Randell Workman","44","I prefer commiting war crimes...","False"
"982","no","Linda Graham","41","I hate traveling!!!","False"
"983","no","Chelsea Houston","19","I adore playing board games!","False"
"984","no","Jean Rogers","36","I despise commiting war crimes...","False"
"985","ferfi","James Rocha","91","I hate dogs...","False"
"986","ferfi","Jerome Tolbert","54","I hate traveling...","False"
"987","no","Amanda Vandercook","72","I love drinking!!!","False"
"988","ferfi","Luther Astin","48","I hate cats!!!","False"
"989","ferfi","Frank Marcello","83","I hate playing board games.","False"
"990","ferfi","Pedro Lam","64","I can't stand commiting war crimes...","True"
"991","ferfi","Albert Jacobs","34","I love drinking.","False"
"992","ferfi","Stephen Nielson","56","I admire playing board games...","True"
"993","ferfi","Lawrence Lucas","53","I prefer cats.","False"
"994","ferfi","Richard Robinson","72","I can't stand commiting war crimes!","True"
"995","no","Helen Joseph","28","I love cats...","True"
"996","ferfi","Juan Foster","45","I love drinking!","True"
"997","no","Charlotte Lawson","35","I admire playing board games.","True"
"998","no","Lisa Reeser","29","I admire playing board games.","False"
"999","no","Pamela Ray","56","I hate hiking!","True"
